Tipo de ativo;Ativo;Quant.;Preço Médio;Preço Atual;Variação;Rentabilidade;Vacância;Saldo;P/VP;DY;Nota;% Carteira;% Ideal;Comprar ?
FIIs;VGIR11;188;R$ 9,59;R$ 9,44;-1,62%;12,15%;0,00%;R$ 1.772,84;0,96;16,14%;13;1,71%;1,20%;Não
FIIs;BTLG11;16;R$ 102,35;R$ 100,38;-1,84%;3,76%;2,10%;R$ 1.607,52;0,94;9,53%;14;1,55%;1,29%;Não
FIIs;GARE11;184;R$ 9,04;R$ 8,16;-9,52%;-0,83%;0,00%;R$ 1.505,12;0,89;12,19%;14;1,46%;1,29%;Não
FIIs;KNRI11;9;R$ 152,11;R$ 156,85;3,11%;8,18%;3,90%;R$ 1.411,65;0,96;8,24%;14;1,36%;1,29%;Não
FIIs;KNCR11;13;R$ 104,72;R$ 106,81;2,25%;12,04%;0,00%;R$ 1.391,91;1,05;13,42%;13;1,35%;1,20%;Não
FIIs;VISC11;13;R$ 108,80;R$ 105,50;-3,07%;0,48%;5,70%;R$ 1.370,98;0,91;9,39%;14;1,33%;1,29%;Não
FIIs;HGLG11;9;R$ 157,21;R$ 147,03;-6,55%;-1,75%;3,10%;R$ 1.322,19;0,88;8,98%;14;1,28%;1,29%;Sim
FIIs;XPLG11;14;R$ 101,33;R$ 92,05;-9,16%;1,31%;8,10%;R$ 1.288,56;0,87;10,72%;14;1,24%;1,29%;Sim
FIIs;VGHF11;187;R$ 7,04;R$ 5,83;-17,08%;-12,05%;0,00%;R$ 1.092,08;0,71;15,24%;13;1,06%;1,20%;Sim
FIIs;KNSC11;75;R$ 8,66;R$ 9,05;4,71%;15,15%;0,00%;R$ 680,25;1,04;12,58%;13;0,66%;1,20%;Sim
FIIs;XPML11;5;R$ 110,09;R$ 104,41;-5,09%;1,29%;4,10%;R$ 522,45;0,95;10,57%;14;0,51%;1,29%;Sim
FIIs;VGIA11;9;R$ 9,73;R$ 8,29;-15,14%;-3,88%;0,00%;R$ 74,34;0,86;19,76%;13;0,07%;1,20%;Sim
Ações;SBSP3;130;R$ 25,99;R$ 27,87;8,02%;16,47%;;R$ 3.650,40;2,26;2,46%;20;3,56%;3,08%;Não
Ações;BBAS3;70;R$ 22,06;R$ 20,67;-7,11%;0,45%;;R$ 1.434,30;0,61;2,62%;20;1,41%;3,08%;Sim
Ações;ITSA3;100;R$ 13,02;R$ 13,68;5,18%;19,98%;;R$ 1.369,00;1,70;9,60%;20;1,34%;3,08%;Sim
Ações;ITUB4;31;R$ 38,27;R$ 42,36;10,59%;27,99%;;R$ 1.311,92;2,23;8,23%;20;1,29%;3,08%;Sim
Ações;KLBN11;52;R$ 17,49;R$ 18,08;3,40%;7,27%;;R$ 940,16;2,49;7,89%;10;0,91%;1,54%;Sim
Ações;EQTL3;12;R$ 38,32;R$ 38,31;0,74%;1,34%;;R$ 463,20;1,89;4,08%;10;0,45%;1,54%;Sim
Ações;TAEE3;28;R$ 13,42;R$ 13,03;-2,39%;0,24%;;R$ 366,80;1,70;8,30%;10;0,36%;1,54%;Sim
Ações;CLSC3;1;R$ 120,04;R$ 127,99;6,62%;7,15%;;R$ 127,99;1,19;8,65%;05;0,12%;0,77%;Sim
Ações;VALE3;1;R$ 57,52;R$ 75,87;32,20%;53,00%;;R$ 76,04;1,77;7,24%;10;0,07%;1,54%;Sim
Ações;PGMN3;20;R$ 6,62;R$ 3,16;-52,28%;-49,41%;;R$ 63,20;0,68;8,08%;05;0,06%;0,77%;Sim
BDRs;T1TW34;75,00;R$ 264,25;R$ 315,66;19,46%;20,02%;;R$ 23.674,50;;;40;23,02%;0,00%;Não
BDRs;ASML34;10,00;R$ 102,62;R$ 146,39;42,65%;47,05%;;R$ 1.463,90;;;20;1,43%;0,00%;Não
BDRs;NVDC34;25,00;R$ 19,70;R$ 20,97;6,45%;7,00%;;R$ 524,25;;;20;0,51%;0,00%;Não
Reits;VICI;4,14;US$28.48;US$27.10;-4,85%;-3,74%;;US$112.25;;;10;0,56%;5,00%;Sim
Criptomoedas;BTC;0,01107739;R$ 652.128,56;R$ 328.602,12;-49,61%;;;R$ 3.640,05;;;10;3,51%;1,14%;Não
Criptomoedas;ETH;0,16896037;R$ 22.464,38;R$ 9.743,53;-56,63%;;;R$ 1.646,27;;;10;1,61%;1,14%;Não
Criptomoedas;LTC;3,75614891;R$ 696,35;R$ 231,68;-66,73%;;;R$ 870,22;;;05;0,87%;0,57%;Não
Criptomoedas;POL;324,47783687;R$ 1,26;R$ 0,37;-70,63%;;;R$ 120,06;;;01;0,12%;0,11%;Não
Criptomoedas;ARB;197,15970488;R$ 2,22;R$ 0,40;-81,98%;;;R$ 78,86;;;01;0,08%;0,11%;Sim
Criptomoedas;BCH;0,07235072;R$ 3.168,62;R$ 1.083,23;-65,81%;;;R$ 78,37;;;01;0,08%;0,11%;Sim
Criptomoedas;SOL;0,09952372;R$ 1.152,50;R$ 376,01;-67,37%;;;R$ 37,42;;;10;0,04%;1,14%;Sim
Criptomoedas;LINK;0,64351523;R$ 116,57;R$ 42,66;-63,40%;;;R$ 27,45;;;01;0,03%;0,11%;Sim
Criptomoedas;DOT;2,37074424;R$ 22,19;R$ 3,89;-82,47%;;;R$ 9,22;;;01;< 0,01%;0,11%;Sim
Criptomoedas;AVAX;0,06433206;R$ 147,40;R$ 32,67;-77,84%;;;R$ 2,10;;;01;< 0,01%;0,11%;Sim
Criptomoedas;OP;1,11686403;R$ 3,77;R$ 0,44;-88,33%;;;R$ 0,49;;;01;< 0,01%;0,11%;Sim
Criptomoedas;XLM;0,42264828;R$ 2,01;R$ 0,89;-55,72%;;;R$ 0,38;;;01;< 0,01%;0,11%;Sim
Criptomoedas;UNI;0,01288052;R$ 42,49;R$ 20,71;-51,26%;;;R$ 0,27;;;01;< 0,01%;0,11%;Sim
ETFs;GOLD11;618;R$ 23,85;R$ 21,34;-10,44%;-8,15%;;R$ 13.200,48;;;60;12,79%;7,50%;Não
ETFs;IVVB11;1;R$ 393,73;R$ 427,77;8,87%;8,86%;;R$ 428,64;;;20;0,41%;2,50%;Sim
ETFs Intern.;GLD;0,12071000;US$464.83;US$369.38;-20,53%;-19,99%;;US$44.59;;;10;0,22%;5,00%;Sim
Renda Fixa;RDB - Caixinha - Pós-Fixado - 100% CDI;;;;11,93%;11,93%;;R$ 26.305,86;;;80;25,46%;25,00%;Não
